record_id,category,subcategory,framework,package_name,class_name,method_name,api_name,api_type,permission,sources,source_versions,supported_android_versions,import_timestamp,min_android_api,max_android_api,confidence,documentation_url,deprecated,notes
,Contacts,,Android Framework,android.accounts,AccountManager,getAccountsByTypeAndFeatures,getAccountsByTypeAndFeatures,method,android.permission.GET_ACCOUNTS,"[""PScout""]","[""API-23"", ""API-25"", ""TXT""]","[23, 25]",2026-07-07T13:53:25.677824+00:00,23,25,high,,False,
,Contacts,,Android Framework,android.accounts,AccountManager,hasFeatures,hasFeatures,method,android.permission.GET_ACCOUNTS,"[""PScout""]","[""API-23"", ""API-25"", ""TXT""]","[23, 25]",2026-07-07T13:53:25.677824+00:00,23,25,high,,False,
,Contacts,,Android Framework,android.accounts,AccountManager,getAccounts,getAccounts,method,android.permission.GET_ACCOUNTS,"[""PScout""]","[""API-23"", ""API-25"", ""TXT""]","[23, 25]",2026-07-07T13:53:25.677824+00:00,23,25,high,,False,
,Contacts,,Android Framework,android.accounts,AccountManager,getAccountsByType,getAccountsByType,method,android.permission.GET_ACCOUNTS,"[""PScout""]","[""API-23"", ""API-25"", ""TXT""]","[23, 25]",2026-07-07T13:53:25.677824+00:00,23,25,high,,False,
,Contacts,,Android Framework,android.accounts,AccountManager,addOnAccountsUpdatedListener,addOnAccountsUpdatedListener,method,android.permission.GET_ACCOUNTS,"[""PScout""]","[""API-23"", ""API-25"", ""TXT""]","[23, 25]",2026-07-07T13:53:25.677824+00:00,23,25,high,,False,
,Device Identifiers,,Android Framework,android.content,Intent,ACTION_CALL,ACTION_CALL,field,android.permission.CALL_PHONE,"[""PScout""]","[""API-23"", ""API-25""]","[23, 25]",2026-07-07T13:53:25.677824+00:00,23,25,high,,False,
,Unknown,,Android Framework,android.hardware.camera2,CameraManager,openCamera,openCamera,method,android.permission.CAMERA,"[""PScout""]","[""API-23"", ""API-25"", ""TXT""]","[23, 25]",2026-07-07T13:53:25.677824+00:00,23,25,high,,False,
,Unknown,,Android Framework,android.location,LocationManager,getLastKnownLocation,getLastKnownLocation,method,android.permission.ACCESS_COARSE_LOCATION,"[""PScout""]","[""API-23"", ""API-25"", ""TXT""]","[23, 25]",2026-07-07T13:53:25.677824+00:00,23,25,high,,False,
,Location,,Android Framework,android.location,LocationManager,getLastKnownLocation,getLastKnownLocation,method,android.permission.ACCESS_FINE_LOCATION,"[""PScout""]","[""API-23"", ""API-25"", ""TXT""]","[23, 25]",2026-07-07T13:53:25.677824+00:00,23,25,high,,False,
,Location,,Android Framework,android.location,LocationManager,addGpsStatusListener,addGpsStatusListener,method,android.permission.ACCESS_FINE_LOCATION,"[""PScout""]","[""API-23"", ""API-25"", ""TXT""]","[23, 25]",2026-07-07T13:53:25.677824+00:00,23,25,high,,False,
,Location,,Android Framework,android.location,LocationManager,addNmeaListener,addNmeaListener,method,android.permission.ACCESS_FINE_LOCATION,"[""PScout""]","[""API-23"", ""API-25"", ""TXT""]","[23, 25]",2026-07-07T13:53:25.677824+00:00,23,25,high,,False,
,Unknown,,Android Framework,android.location,LocationManager,addProximityAlert,addProximityAlert,method,android.permission.ACCESS_COARSE_LOCATION,"[""PScout""]","[""API-23"", ""API-25"", ""TXT""]","[23, 25]",2026-07-07T13:53:25.677824+00:00,23,25,high,,False,
,Location,,Android Framework,android.location,LocationManager,addProximityAlert,addProximityAlert,method,android.permission.ACCESS_FINE_LOCATION,"[""PScout""]","[""API-23"", ""API-25"", ""TXT""]","[23, 25]",2026-07-07T13:53:25.677824+00:00,23,25,high,,False,
,Unknown,,Android Framework,android.location,LocationManager,requestLocationUpdates,requestLocationUpdates,method,android.permission.ACCESS_COARSE_LOCATION,"[""PScout""]","[""API-23"", ""API-25"", ""TXT""]","[23, 25]",2026-07-07T13:53:25.677824+00:00,23,25,high,,False,
,Location,,Android Framework,android.location,LocationManager,requestLocationUpdates,requestLocationUpdates,method,android.permission.ACCESS_FINE_LOCATION,"[""PScout""]","[""API-23"", ""API-25"", ""TXT""]","[23, 25]",2026-07-07T13:53:25.677824+00:00,23,25,high,,False,
,Unknown,,Android Framework,android.location,LocationManager,requestSingleUpdate,requestSingleUpdate,method,android.permission.ACCESS_COARSE_LOCATION,"[""PScout""]","[""API-23"", ""API-25"", ""TXT""]","[23, 25]",2026-07-07T13:53:25.677824+00:00,23,25,high,,False,
,Location,,Android Framework,android.location,LocationManager,requestSingleUpdate,requestSingleUpdate,method,android.permission.ACCESS_FINE_LOCATION,"[""PScout""]","[""API-23"", ""API-25"", ""TXT""]","[23, 25]",2026-07-07T13:53:25.677824+00:00,23,25,high,,False,
,Unknown,,Android Framework,android.provider,CalendarContract,CONTENT_URI,CONTENT_URI,field,android.permission.READ_CALENDAR,"[""PScout""]","[""API-23"", ""API-25""]","[23, 25]",2026-07-07T13:53:25.677824+00:00,23,25,high,,False,
,Unknown,,Android Framework,android.provider,CalendarContract,CONTENT_URI,CONTENT_URI,field,android.permission.WRITE_CALENDAR,"[""PScout""]","[""API-23"", ""API-25""]","[23, 25]",2026-07-07T13:53:25.677824+00:00,23,25,high,,False,
,Unknown,,Android Framework,android.provider,CalendarContract$Attendees,CONTENT_URI,CONTENT_URI,field,android.permission.READ_CALENDAR,"[""PScout""]","[""API-23"", ""API-25""]","[23, 25]",2026-07-07T13:53:25.677824+00:00,23,25,high,,False,
,Unknown,,Android Framework,android.provider,CalendarContract$Attendees,CONTENT_URI,CONTENT_URI,field,android.permission.WRITE_CALENDAR,"[""PScout""]","[""API-23"", ""API-25""]","[23, 25]",2026-07-07T13:53:25.677824+00:00,23,25,high,,False,
,Unknown,,Android Framework,android.provider,CalendarContract$CalendarAlerts,CONTENT_URI,CONTENT_URI,field,android.permission.READ_CALENDAR,"[""PScout""]","[""API-23"", ""API-25""]","[23, 25]",2026-07-07T13:53:25.677824+00:00,23,25,high,,False,
,Unknown,,Android Framework,android.provider,CalendarContract$CalendarAlerts,CONTENT_URI,CONTENT_URI,field,android.permission.WRITE_CALENDAR,"[""PScout""]","[""API-23"", ""API-25""]","[23, 25]",2026-07-07T13:53:25.677824+00:00,23,25,high,,False,
,Unknown,,Android Framework,android.provider,CalendarContract$CalendarEntity,CONTENT_URI,CONTENT_URI,field,android.permission.READ_CALENDAR,"[""PScout""]","[""API-23"", ""API-25""]","[23, 25]",2026-07-07T13:53:25.677824+00:00,23,25,high,,False,
,Unknown,,Android Framework,android.provider,CalendarContract$CalendarEntity,CONTENT_URI,CONTENT_URI,field,android.permission.WRITE_CALENDAR,"[""PScout""]","[""API-23"", ""API-25""]","[23, 25]",2026-07-07T13:53:25.677824+00:00,23,25,high,,False,
,Unknown,,Android Framework,android.provider,CalendarContract$Calendars,CONTENT_URI,CONTENT_URI,field,android.permission.READ_CALENDAR,"[""PScout""]","[""API-23"", ""API-25""]","[23, 25]",2026-07-07T13:53:25.677824+00:00,23,25,high,,False,
,Unknown,,Android Framework,android.provider,CalendarContract$Calendars,CONTENT_URI,CONTENT_URI,field,android.permission.WRITE_CALENDAR,"[""PScout""]","[""API-23"", ""API-25""]","[23, 25]",2026-07-07T13:53:25.677824+00:00,23,25,high,,False,
,Unknown,,Android Framework,android.provider,CalendarContract$Colors,CONTENT_URI,CONTENT_URI,field,android.permission.READ_CALENDAR,"[""PScout""]","[""API-23"", ""API-25""]","[23, 25]",2026-07-07T13:53:25.677824+00:00,23,25,high,,False,
,Unknown,,Android Framework,android.provider,CalendarContract$Colors,CONTENT_URI,CONTENT_URI,field,android.permission.WRITE_CALENDAR,"[""PScout""]","[""API-23"", ""API-25""]","[23, 25]",2026-07-07T13:53:25.677824+00:00,23,25,high,,False,
,Unknown,,Android Framework,android.provider,CalendarContract$EventDays,CONTENT_URI,CONTENT_URI,field,android.permission.READ_CALENDAR,"[""PScout""]","[""API-23"", ""API-25""]","[23, 25]",2026-07-07T13:53:25.677824+00:00,23,25,high,,False,
,Unknown,,Android Framework,android.provider,CalendarContract$EventDays,CONTENT_URI,CONTENT_URI,field,android.permission.WRITE_CALENDAR,"[""PScout""]","[""API-23"", ""API-25""]","[23, 25]",2026-07-07T13:53:25.677824+00:00,23,25,high,,False,
,Unknown,,Android Framework,android.provider,CalendarContract$Events,CONTENT_URI,CONTENT_URI,field,android.permission.READ_CALENDAR,"[""PScout""]","[""API-23"", ""API-25""]","[23, 25]",2026-07-07T13:53:25.677824+00:00,23,25,high,,False,
,Unknown,,Android Framework,android.provider,CalendarContract$Events,CONTENT_URI,CONTENT_URI,field,android.permission.WRITE_CALENDAR,"[""PScout""]","[""API-23"", ""API-25""]","[23, 25]",2026-07-07T13:53:25.677824+00:00,23,25,high,,False,
,Unknown,,Android Framework,android.provider,CalendarContract$EventsEntity,CONTENT_URI,CONTENT_URI,field,android.permission.READ_CALENDAR,"[""PScout""]","[""API-23"", ""API-25""]","[23, 25]",2026-07-07T13:53:25.677824+00:00,23,25,high,,False,
,Unknown,,Android Framework,android.provider,CalendarContract$EventsEntity,CONTENT_URI,CONTENT_URI,field,android.permission.WRITE_CALENDAR,"[""PScout""]","[""API-23"", ""API-25""]","[23, 25]",2026-07-07T13:53:25.677824+00:00,23,25,high,,False,
,Unknown,,Android Framework,android.provider,CalendarContract$ExtendedProperties,CONTENT_URI,CONTENT_URI,field,android.permission.READ_CALENDAR,"[""PScout""]","[""API-23"", ""API-25""]","[23, 25]",2026-07-07T13:53:25.677824+00:00,23,25,high,,False,
,Unknown,,Android Framework,android.provider,CalendarContract$ExtendedProperties,CONTENT_URI,CONTENT_URI,field,android.permission.WRITE_CALENDAR,"[""PScout""]","[""API-23"", ""API-25""]","[23, 25]",2026-07-07T13:53:25.677824+00:00,23,25,high,,False,
,Unknown,,Android Framework,android.provider,CalendarContract$Instances,CONTENT_URI,CONTENT_URI,field,android.permission.READ_CALENDAR,"[""PScout""]","[""API-23"", ""API-25""]","[23, 25]",2026-07-07T13:53:25.677824+00:00,23,25,high,,False,
,Unknown,,Android Framework,android.provider,CalendarContract$Instances,CONTENT_URI,CONTENT_URI,field,android.permission.WRITE_CALENDAR,"[""PScout""]","[""API-23"", ""API-25""]","[23, 25]",2026-07-07T13:53:25.677824+00:00,23,25,high,,False,
,Unknown,,Android Framework,android.provider,CalendarContract$Reminders,CONTENT_URI,CONTENT_URI,field,android.permission.READ_CALENDAR,"[""PScout""]","[""API-23"", ""API-25""]","[23, 25]",2026-07-07T13:53:25.678825+00:00,23,25,high,,False,
,Unknown,,Android Framework,android.provider,CalendarContract$Reminders,CONTENT_URI,CONTENT_URI,field,android.permission.WRITE_CALENDAR,"[""PScout""]","[""API-23"", ""API-25""]","[23, 25]",2026-07-07T13:53:25.678825+00:00,23,25,high,,False,
,Unknown,,Android Framework,android.provider,CalendarContract$SyncState,CONTENT_URI,CONTENT_URI,field,android.permission.READ_CALENDAR,"[""PScout""]","[""API-23"", ""API-25""]","[23, 25]",2026-07-07T13:53:25.678825+00:00,23,25,high,,False,
,Unknown,,Android Framework,android.provider,CalendarContract$SyncState,CONTENT_URI,CONTENT_URI,field,android.permission.WRITE_CALENDAR,"[""PScout""]","[""API-23"", ""API-25""]","[23, 25]",2026-07-07T13:53:25.678825+00:00,23,25,high,,False,
,Unknown,,Android Framework,android.provider,CallLog,CONTENT_URI,CONTENT_URI,field,android.permission.READ_CALL_LOG,"[""PScout""]","[""API-23"", ""API-25""]","[23, 25]",2026-07-07T13:53:25.678825+00:00,23,25,high,,False,
,Unknown,,Android Framework,android.provider,CallLog,CONTENT_URI,CONTENT_URI,field,android.permission.WRITE_CALL_LOG,"[""PScout""]","[""API-23"", ""API-25""]","[23, 25]",2026-07-07T13:53:25.678825+00:00,23,25,high,,False,
,Unknown,,Android Framework,android.provider,CallLog$Calls,CONTENT_FILTER_URI,CONTENT_FILTER_URI,field,android.permission.READ_CALL_LOG,"[""PScout""]","[""API-23"", ""API-25""]","[23, 25]",2026-07-07T13:53:25.678825+00:00,23,25,high,,False,
,Unknown,,Android Framework,android.provider,CallLog$Calls,CONTENT_FILTER_URI,CONTENT_FILTER_URI,field,android.permission.WRITE_CALL_LOG,"[""PScout""]","[""API-23"", ""API-25""]","[23, 25]",2026-07-07T13:53:25.678825+00:00,23,25,high,,False,
,Unknown,,Android Framework,android.provider,CallLog$Calls,CONTENT_URI,CONTENT_URI,field,android.permission.READ_CALL_LOG,"[""PScout""]","[""API-23"", ""API-25""]","[23, 25]",2026-07-07T13:53:25.678825+00:00,23,25,high,,False,
,Unknown,,Android Framework,android.provider,CallLog$Calls,CONTENT_URI,CONTENT_URI,field,android.permission.WRITE_CALL_LOG,"[""PScout""]","[""API-23"", ""API-25""]","[23, 25]",2026-07-07T13:53:25.678825+00:00,23,25,high,,False,
,Device Identifiers,,Android Framework,android.telecom,TelecomManager,getDefaultOutgoingPhoneAccount,getDefaultOutgoingPhoneAccount,method,android.permission.READ_PHONE_STATE,"[""PScout""]","[""API-23"", ""API-25"", ""TXT""]","[23, 25]",2026-07-07T13:53:25.678825+00:00,23,25,high,,False,
,Device Identifiers,,Android Framework,android.telecom,TelecomManager,isInCall,isInCall,method,android.permission.READ_PHONE_STATE,"[""PScout""]","[""API-23"", ""API-25"", ""TXT""]","[23, 25]",2026-07-07T13:53:25.678825+00:00,23,25,high,,False,
,Device Identifiers,,Android Framework,android.telecom,TelecomManager,isVoiceMailNumber,isVoiceMailNumber,method,android.permission.READ_PHONE_STATE,"[""PScout""]","[""API-23"", ""API-25"", ""TXT""]","[23, 25]",2026-07-07T13:53:25.678825+00:00,23,25,high,,False,
,Device Identifiers,,Android Framework,android.telecom,TelecomManager,getLine1Number,getLine1Number,method,android.permission.READ_PHONE_STATE,"[""PScout""]","[""API-23"", ""API-25"", ""TXT""]","[23, 25]",2026-07-07T13:53:25.678825+00:00,23,25,high,,False,
,Device Identifiers,,Android Framework,android.telecom,TelecomManager,getVoiceMailNumber,getVoiceMailNumber,method,android.permission.READ_PHONE_STATE,"[""PScout""]","[""API-23"", ""API-25"", ""TXT""]","[23, 25]",2026-07-07T13:53:25.678825+00:00,23,25,high,,False,
,Device Identifiers,,Android Framework,android.telecom,TelecomManager,getCallCapablePhoneAccounts,getCallCapablePhoneAccounts,method,android.permission.READ_PHONE_STATE,"[""PScout""]","[""API-23"", ""API-25"", ""TXT""]","[23, 25]",2026-07-07T13:53:25.678825+00:00,23,25,high,,False,
,Device Identifiers,,Android Framework,android.telecom,TelecomManager,placeCall,placeCall,method,android.permission.CALL_PHONE,"[""PScout""]","[""API-23"", ""API-25""]","[23, 25]",2026-07-07T13:53:25.678825+00:00,23,25,high,,False,
,Device Identifiers,,Android Framework,android.telecom,TelecomManager,showInCallScreen,showInCallScreen,method,android.permission.READ_PHONE_STATE,"[""PScout""]","[""API-23"", ""API-25"", ""TXT""]","[23, 25]",2026-07-07T13:53:25.678825+00:00,23,25,high,,False,
,Location,,Android Framework,android.location,LocationManager,getGpsStatus,getGpsStatus,method,android.permission.ACCESS_FINE_LOCATION,"[""PScout""]","[""API-25""]",[25],2026-07-07T13:53:25.679843+00:00,25,25,high,,False,
,Location,,Android Framework,android.location,LocationManager,registerGnssMeasurementsCallback,registerGnssMeasurementsCallback,method,android.permission.ACCESS_FINE_LOCATION,"[""PScout""]","[""API-25""]",[25],2026-07-07T13:53:25.679843+00:00,25,25,high,,False,
,Location,,Android Framework,android.location,LocationManager,registerGnssNavigationMessageCallback,registerGnssNavigationMessageCallback,method,android.permission.ACCESS_FINE_LOCATION,"[""PScout""]","[""API-25""]",[25],2026-07-07T13:53:25.679843+00:00,25,25,high,,False,
,Location,,Android Framework,android.location,LocationManager,registerGnssStatusCallback,registerGnssStatusCallback,method,android.permission.ACCESS_FINE_LOCATION,"[""PScout""]","[""API-25""]",[25],2026-07-07T13:53:25.679843+00:00,25,25,high,,False,
,Unknown,,Android Framework,android.net.wifi,WifiManager,SCAN_RESULTS_AVAILABLE_ACTION,SCAN_RESULTS_AVAILABLE_ACTION,field,android.permission.ACCESS_COARSE_LOCATION,"[""PScout""]","[""Manual""]",[],2026-07-07T13:53:25.680849+00:00,,,high,,False,
,Location,,Android Framework,android.net.wifi,WifiManager,SCAN_RESULTS_AVAILABLE_ACTION,SCAN_RESULTS_AVAILABLE_ACTION,field,android.permission.ACCESS_FINE_LOCATION,"[""PScout""]","[""Manual""]",[],2026-07-07T13:53:25.680849+00:00,,,high,,False,
,Unknown,,Android Framework,android.telephony,TelephonyManager,getNeighboringCellInfo,getNeighboringCellInfo,method,android.permission.ACCESS_COARSE_LOCATION,"[""PScout""]","[""Manual""]",[],2026-07-07T13:53:25.680849+00:00,,,high,,False,
,Unknown,,Android Framework,android.provider,Telephony$Carriers,CONTENT_URI,CONTENT_URI,field,android.permission.READ_SMS,"[""PScout""]","[""Manual""]",[],2026-07-07T13:53:25.680849+00:00,,,high,,False,
,Unknown,,Android Framework,android.provider,Telephony$MmsSms,CONTENT_CONVERSATIONS_URI,CONTENT_CONVERSATIONS_URI,field,android.permission.READ_SMS,"[""PScout""]","[""Manual""]",[],2026-07-07T13:53:25.680849+00:00,,,high,,False,
,Unknown,,Android Framework,android.provider,Telephony$MmsSms,CONTENT_DRAFT_URI,CONTENT_DRAFT_URI,field,android.permission.READ_SMS,"[""PScout""]","[""Manual""]",[],2026-07-07T13:53:25.680849+00:00,,,high,,False,
,Unknown,,Android Framework,android.provider,Telephony$MmsSms,CONTENT_FILTER_BYPHONE_URI,CONTENT_FILTER_BYPHONE_URI,field,android.permission.READ_SMS,"[""PScout""]","[""Manual""]",[],2026-07-07T13:53:25.680849+00:00,,,high,,False,
,Unknown,,Android Framework,android.provider,Telephony$MmsSms,CONTENT_LOCKED_URI,CONTENT_LOCKED_URI,field,android.permission.READ_SMS,"[""PScout""]","[""Manual""]",[],2026-07-07T13:53:25.680849+00:00,,,high,,False,
,Unknown,,Android Framework,android.provider,Telephony$MmsSms,CONTENT_UNDELIVERED_URI,CONTENT_UNDELIVERED_URI,field,android.permission.READ_SMS,"[""PScout""]","[""Manual""]",[],2026-07-07T13:53:25.680849+00:00,,,high,,False,
,Unknown,,Android Framework,android.provider,Telephony$MmsSms,CONTENT_URI,CONTENT_URI,field,android.permission.READ_SMS,"[""PScout""]","[""Manual""]",[],2026-07-07T13:53:25.680849+00:00,,,high,,False,
,Unknown,,Android Framework,android.provider,Telephony$MmsSms,SEARCH_URI,SEARCH_URI,field,android.permission.READ_SMS,"[""PScout""]","[""Manual""]",[],2026-07-07T13:53:25.680849+00:00,,,high,,False,
,Unknown,,Android Framework,android.provider,Telephony$MmsSms$PendingMessages,CONTENT_URI,CONTENT_URI,field,android.permission.READ_SMS,"[""PScout""]","[""Manual""]",[],2026-07-07T13:53:25.680849+00:00,,,high,,False,
,Unknown,,Android Framework,android.provider,Telephony$Mms,CONTENT_URI,CONTENT_URI,field,android.permission.READ_SMS,"[""PScout""]","[""Manual""]",[],2026-07-07T13:53:25.680849+00:00,,,high,,False,
,Unknown,,Android Framework,android.provider,Telephony$Mms,REPORT_REQUEST_URI,REPORT_REQUEST_URI,field,android.permission.READ_SMS,"[""PScout""]","[""Manual""]",[],2026-07-07T13:53:25.680849+00:00,,,high,,False,
,Unknown,,Android Framework,android.provider,Telephony$Mms,REPORT_STATUS_URI,REPORT_STATUS_URI,field,android.permission.READ_SMS,"[""PScout""]","[""Manual""]",[],2026-07-07T13:53:25.680849+00:00,,,high,,False,
,Unknown,,Android Framework,android.provider,Telephony$Mms$Rate,CONTENT_URI,CONTENT_URI,field,android.permission.READ_SMS,"[""PScout""]","[""Manual""]",[],2026-07-07T13:53:25.680849+00:00,,,high,,False,
,Unknown,,Android Framework,android.provider,Telephony$Mms$Outbox,CONTENT_URI,CONTENT_URI,field,android.permission.READ_SMS,"[""PScout""]","[""Manual""]",[],2026-07-07T13:53:25.680849+00:00,,,high,,False,
,Unknown,,Android Framework,android.provider,Telephony$Mms$Draft,CONTENT_URI,CONTENT_URI,field,android.permission.READ_SMS,"[""PScout""]","[""Manual""]",[],2026-07-07T13:53:25.680849+00:00,,,high,,False,
,Unknown,,Android Framework,android.provider,Telephony$Mms$Sent,CONTENT_URI,CONTENT_URI,field,android.permission.READ_SMS,"[""PScout""]","[""Manual""]",[],2026-07-07T13:53:25.680849+00:00,,,high,,False,
,Unknown,,Android Framework,android.provider,Telephony$Mms$Inbox,CONTENT_URI,CONTENT_URI,field,android.permission.READ_SMS,"[""PScout""]","[""Manual""]",[],2026-07-07T13:53:25.680849+00:00,,,high,,False,
,Unknown,,Android Framework,android.provider,Telephony$Threads,CONTENT_URI,CONTENT_URI,field,android.permission.READ_SMS,"[""PScout""]","[""Manual""]",[],2026-07-07T13:53:25.680849+00:00,,,high,,False,
,Unknown,,Android Framework,android.provider,Telephony$Threads,OBSOLETE_THREADS_URI,OBSOLETE_THREADS_URI,field,android.permission.READ_SMS,"[""PScout""]","[""Manual""]",[],2026-07-07T13:53:25.680849+00:00,,,high,,False,
,Unknown,,Android Framework,android.provider,Telephony$Sms,CONTENT_URI,CONTENT_URI,field,android.permission.READ_SMS,"[""PScout""]","[""Manual""]",[],2026-07-07T13:53:25.680849+00:00,,,high,,False,
,Unknown,,Android Framework,android.provider,Telephony$Sms$Conversations,CONTENT_URI,CONTENT_URI,field,android.permission.READ_SMS,"[""PScout""]","[""Manual""]",[],2026-07-07T13:53:25.680849+00:00,,,high,,False,
,Unknown,,Android Framework,android.provider,Telephony$Sms$Outbox,CONTENT_URI,CONTENT_URI,field,android.permission.READ_SMS,"[""PScout""]","[""Manual""]",[],2026-07-07T13:53:25.680849+00:00,,,high,,False,
,Unknown,,Android Framework,android.provider,Telephony$Sms$Draft,CONTENT_URI,CONTENT_URI,field,android.permission.READ_SMS,"[""PScout""]","[""Manual""]",[],2026-07-07T13:53:25.680849+00:00,,,high,,False,
,Unknown,,Android Framework,android.provider,Telephony$Sms$Sent,CONTENT_URI,CONTENT_URI,field,android.permission.READ_SMS,"[""PScout""]","[""Manual""]",[],2026-07-07T13:53:25.680849+00:00,,,high,,False,
,Unknown,,Android Framework,android.provider,Telephony$Sms$Inbox,CONTENT_URI,CONTENT_URI,field,android.permission.READ_SMS,"[""PScout""]","[""Manual""]",[],2026-07-07T13:53:25.680849+00:00,,,high,,False,
,SMS,,Android Framework,android.provider,Telephony$Sms$Intents,SMS_RECEIVED_ACTION,SMS_RECEIVED_ACTION,field,android.permission.RECEIVE_SMS,"[""PScout""]","[""Manual""]",[],2026-07-07T13:53:25.680849+00:00,,,high,,False,
,Contacts,,Android Framework,android.provider,ContactsContract$Contacts,lookupContact,lookupContact,method,android.permission.READ_CONTACTS,"[""PScout""]","[""Manual""]",[],2026-07-07T13:53:25.680849+00:00,,,high,,False,
,Contacts,,Android Framework,android.provider,ContactsContract$Contacts,lookupContact,lookupContact,method,android.permission.WRITE_CONTACTS,"[""PScout""]","[""Manual""]",[],2026-07-07T13:53:25.680849+00:00,,,high,,False,
,Unknown,,Android Framework,android.media,MediaRecorder,setAudioSource,setAudioSource,method,android.permission.RECORD_AUDIO,"[""PScout""]","[""Manual""]",[],2026-07-07T13:53:25.680849+00:00,,,high,,False,
,Unknown,,Android Framework,android.media,AudioRecord,<init>,<init>,method,android.permission.RECORD_AUDIO,"[""PScout""]","[""Manual""]",[],2026-07-07T13:53:25.680849+00:00,,,high,,False,
,Device Identifiers,,Android Framework,android.telephony,PhoneStateListener,LISTEN_SIGNAL_STRENGTHS,LISTEN_SIGNAL_STRENGTHS,field,android.permission.READ_PHONE_STATE,"[""PScout""]","[""Manual""]",[],2026-07-07T13:53:25.680849+00:00,,,high,,False,
,Unknown,,Android Framework,android.bluetooth,BluetoothDevice,ACTION_FOUND,ACTION_FOUND,field,android.permission.ACCESS_COARSE_LOCATION,"[""PScout""]","[""API-23""]",[23],2026-07-07T13:53:25.682353+00:00,23,23,high,,False,
,Unknown,,Android Framework,android.content,Intent,ACTION_NEW_OUTGOING_CALL,ACTION_NEW_OUTGOING_CALL,field,android.permission.PROCESS_OUTGOING_CALLS,"[""PScout""]","[""API-23""]",[23],2026-07-07T13:53:25.682353+00:00,23,23,high,,False,
,Unknown,,Android Framework,android.hardware,Sensor,TYPE_HEART_RATE,TYPE_HEART_RATE,field,android.permission.BODY_SENSORS,"[""PScout""]","[""API-23""]",[23],2026-07-07T13:53:25.682353+00:00,23,23,high,,False,
,Location,,Android Framework,android.hardware.location,GeofenceHardware,addGeofence,addGeofence,method,android.permission.ACCESS_FINE_LOCATION,"[""PScout""]","[""API-23""]",[23],2026-07-07T13:53:25.682353+00:00,23,23,high,,False,
,Location,,Android Framework,android.hardware.location,GeofenceHardware,pauseGeofence,pauseGeofence,method,android.permission.ACCESS_FINE_LOCATION,"[""PScout""]","[""API-23""]",[23],2026-07-07T13:53:25.682353+00:00,23,23,high,,False,
,Location,,Android Framework,android.hardware.location,GeofenceHardware,registerForMonitorStateChangeCallback,registerForMonitorStateChangeCallback,method,android.permission.ACCESS_FINE_LOCATION,"[""PScout""]","[""API-23""]",[23],2026-07-07T13:53:25.682353+00:00,23,23,high,,False,
,Location,,Android Framework,android.hardware.location,GeofenceHardware,removeGeofence,removeGeofence,method,android.permission.ACCESS_FINE_LOCATION,"[""PScout""]","[""API-23""]",[23],2026-07-07T13:53:25.682353+00:00,23,23,high,,False,
,Location,,Android Framework,android.hardware.location,GeofenceHardware,resumeGeofence,resumeGeofence,method,android.permission.ACCESS_FINE_LOCATION,"[""PScout""]","[""API-23""]",[23],2026-07-07T13:53:25.682353+00:00,23,23,high,,False,
,Location,,Android Framework,android.hardware.location,GeofenceHardware,unregisterForMonitorStateChangeCallback,unregisterForMonitorStateChangeCallback,method,android.permission.ACCESS_FINE_LOCATION,"[""PScout""]","[""API-23""]",[23],2026-07-07T13:53:25.682353+00:00,23,23,high,,False,
,Unknown,,Android Framework,android.net.sip,SipAudioCall,startAudio,startAudio,method,android.permission.RECORD_AUDIO,"[""PScout""]","[""API-23""]",[23],2026-07-07T13:53:25.682353+00:00,23,23,high,,False,
,Unknown,,Android Framework,android.provider,CallLog$Calls,CONTENT_URI_WITH_VOICEMAIL,CONTENT_URI_WITH_VOICEMAIL,field,android.permission.READ_CALL_LOG,"[""PScout""]","[""API-23""]",[23],2026-07-07T13:53:25.682353+00:00,23,23,high,,False,
,Unknown,,Android Framework,android.provider,CallLog$Calls,CONTENT_URI_WITH_VOICEMAIL,CONTENT_URI_WITH_VOICEMAIL,field,android.permission.WRITE_CALL_LOG,"[""PScout""]","[""API-23""]",[23],2026-07-07T13:53:25.682353+00:00,23,23,high,,False,
,Unknown,,Android Framework,android.provider,MediaStore,ACTION_IMAGE_CAPTURE,ACTION_IMAGE_CAPTURE,field,android.permission.CAMERA,"[""PScout""]","[""API-23"", ""TXT""]",[23],2026-07-07T13:53:25.682353+00:00,23,23,high,,False,
,Unknown,,Android Framework,android.provider,MediaStore,ACTION_VIDEO_CAPTURE,ACTION_VIDEO_CAPTURE,field,android.permission.CAMERA,"[""PScout""]","[""API-23""]",[23],2026-07-07T13:53:25.682353+00:00,23,23,high,,False,
,Device Identifiers,,Android Framework,android.telephony,CarrierConfigManager,getConfig,getConfig,method,android.permission.READ_PHONE_STATE,"[""PScout""]","[""API-23""]",[23],2026-07-07T13:53:25.682353+00:00,23,23,high,,False,
,Device Identifiers,,Android Framework,android.telephony,CarrierConfigManager,getConfigForSubId,getConfigForSubId,method,android.permission.READ_PHONE_STATE,"[""PScout""]","[""API-23""]",[23],2026-07-07T13:53:25.682353+00:00,23,23,high,,False,
,Device Identifiers,,Android Framework,android.telephony,PhoneNumberUtils,isVoiceMailNumber,isVoiceMailNumber,method,android.permission.READ_PHONE_STATE,"[""PScout""]","[""API-23""]",[23],2026-07-07T13:53:25.682353+00:00,23,23,high,,False,
,Device Identifiers,,Android Framework,android.telephony,PhoneStateListener,LISTEN_CALL_FORWARDING_INDICATOR,LISTEN_CALL_FORWARDING_INDICATOR,field,android.permission.READ_PHONE_STATE,"[""PScout""]","[""API-23""]",[23],2026-07-07T13:53:25.682353+00:00,23,23,high,,False,
,Unknown,,Android Framework,android.telephony,PhoneStateListener,LISTEN_CELL_LOCATION,LISTEN_CELL_LOCATION,field,android.permission.ACCESS_COARSE_LOCATION,"[""PScout""]","[""API-23""]",[23],2026-07-07T13:53:25.682353+00:00,23,23,high,,False,
,Device Identifiers,,Android Framework,android.telephony,PhoneStateListener,LISTEN_MESSAGE_WAITING_INDICATOR,LISTEN_MESSAGE_WAITING_INDICATOR,field,android.permission.READ_PHONE_STATE,"[""PScout""]","[""API-23""]",[23],2026-07-07T13:53:25.682353+00:00,23,23,high,,False,
,Device Identifiers,,Android Framework,android.telephony,PhoneStateListener,LISTEN_SIGNAL_STRENGTH,LISTEN_SIGNAL_STRENGTH,field,android.permission.READ_PHONE_STATE,"[""PScout""]","[""API-23""]",[23],2026-07-07T13:53:25.682353+00:00,23,23,high,,False,
,Device Identifiers,,Android Framework,android.telephony,PhoneStateListener,onCallStateChanged,onCallStateChanged,method,android.permission.READ_PHONE_STATE,"[""PScout""]","[""API-23""]",[23],2026-07-07T13:53:25.682353+00:00,23,23,high,,False,
,SMS,,Android Framework,android.telephony,SmsManager,sendDataMessage,sendDataMessage,method,android.permission.SEND_SMS,"[""PScout""]","[""API-23""]",[23],2026-07-07T13:53:25.682353+00:00,23,23,high,,False,
,SMS,,Android Framework,android.telephony,SmsManager,sendMultipartTextMessage,sendMultipartTextMessage,method,android.permission.SEND_SMS,"[""PScout""]","[""API-23""]",[23],2026-07-07T13:53:25.682353+00:00,23,23,high,,False,
,SMS,,Android Framework,android.telephony,SmsManager,sendTextMessage,sendTextMessage,method,android.permission.SEND_SMS,"[""PScout""]","[""API-23""]",[23],2026-07-07T13:53:25.682353+00:00,23,23,high,,False,
,Device Identifiers,,Android Framework,android.telephony,TelephonyManager,ACTION_PHONE_STATE_CHANGED,ACTION_PHONE_STATE_CHANGED,field,android.permission.READ_PHONE_STATE,"[""PScout""]","[""API-23""]",[23],2026-07-07T13:53:25.682353+00:00,23,23,high,,False,
,Unknown,,Android Framework,android.telephony,TelephonyManager,getCellLocation,getCellLocation,method,android.permission.ACCESS_COARSE_LOCATION,"[""PScout""]","[""API-23""]",[23],2026-07-07T13:53:25.682353+00:00,23,23,high,,False,
,Location,,Android Framework,android.telephony,TelephonyManager,getCellLocation,getCellLocation,method,android.permission.ACCESS_FINE_LOCATION,"[""PScout""]","[""API-23""]",[23],2026-07-07T13:53:25.682353+00:00,23,23,high,,False,
,Device Identifiers,,Android Framework,android.telephony,TelephonyManager,getDeviceId,getDeviceId,method,android.permission.READ_PHONE_STATE,"[""PScout""]","[""API-23""]",[23],2026-07-07T13:53:25.682353+00:00,23,23,high,,False,
,Device Identifiers,,Android Framework,android.telephony,TelephonyManager,getDeviceSoftwareVersion,getDeviceSoftwareVersion,method,android.permission.READ_PHONE_STATE,"[""PScout""]","[""API-23""]",[23],2026-07-07T13:53:25.682353+00:00,23,23,high,,False,
,Device Identifiers,,Android Framework,android.telephony,TelephonyManager,getGroupIdLevel1,getGroupIdLevel1,method,android.permission.READ_PHONE_STATE,"[""PScout""]","[""API-23""]",[23],2026-07-07T13:53:25.682353+00:00,23,23,high,,False,
,Device Identifiers,,Android Framework,android.telephony,TelephonyManager,getLine1Number,getLine1Number,method,android.permission.READ_PHONE_STATE,"[""PScout""]","[""API-23""]",[23],2026-07-07T13:53:25.682353+00:00,23,23,high,,False,
,Unknown,,Android Framework,android.telephony,TelephonyManager,getLine1Number,getLine1Number,method,android.permission.READ_SMS,"[""PScout""]","[""API-23""]",[23],2026-07-07T13:53:25.683359+00:00,23,23,high,,False,
,Device Identifiers,,Android Framework,android.telephony,TelephonyManager,getSimSerialNumber,getSimSerialNumber,method,android.permission.READ_PHONE_STATE,"[""PScout""]","[""API-23""]",[23],2026-07-07T13:53:25.683359+00:00,23,23,high,,False,
,Device Identifiers,,Android Framework,android.telephony,TelephonyManager,getSubscriberId,getSubscriberId,method,android.permission.READ_PHONE_STATE,"[""PScout""]","[""API-23""]",[23],2026-07-07T13:53:25.683359+00:00,23,23,high,,False,
,Device Identifiers,,Android Framework,android.telephony,TelephonyManager,getVoiceMailAlphaTag,getVoiceMailAlphaTag,method,android.permission.READ_PHONE_STATE,"[""PScout""]","[""API-23""]",[23],2026-07-07T13:53:25.683359+00:00,23,23,high,,False,
,Device Identifiers,,Android Framework,android.telephony,TelephonyManager,getVoiceMailNumber,getVoiceMailNumber,method,android.permission.READ_PHONE_STATE,"[""PScout""]","[""API-23""]",[23],2026-07-07T13:53:25.683359+00:00,23,23,high,,False,
,Unknown,,Android Framework,android.telephony,TelephonyManager,getAllCellInfo,getAllCellInfo,method,android.permission.ACCESS_COARSE_LOCATION,"[""PScout""]","[""API-23""]",[23],2026-07-07T13:53:25.683359+00:00,23,23,high,,False,
,Contacts,,Android Framework,com.android.internal.telephony,IccPhoneBookInterfaceManager,updateAdnRecordsInEfByIndex,updateAdnRecordsInEfByIndex,method,android.permission.WRITE_CONTACTS,"[""PScout""]","[""API-23""]",[23],2026-07-07T13:53:25.683359+00:00,23,23,high,,False,
,Contacts,,Android Framework,com.android.internal.telephony,IccPhoneBookInterfaceManager,updateAdnRecordsInEfBySearch,updateAdnRecordsInEfBySearch,method,android.permission.WRITE_CONTACTS,"[""PScout""]","[""API-23""]",[23],2026-07-07T13:53:25.683359+00:00,23,23,high,,False,
,Contacts,,Android Framework,com.android.internal.telephony,IccPhoneBookInterfaceManager,getAdnRecordsInEf,getAdnRecordsInEf,method,android.permission.READ_CONTACTS,"[""PScout""]","[""API-23""]",[23],2026-07-07T13:53:25.683359+00:00,23,23,high,,False,
,Device Identifiers,,Android Framework,com.android.internal.telephony,TelephonyIntents,ACTION_ANY_DATA_CONNECTION_STATE_CHANGED,ACTION_ANY_DATA_CONNECTION_STATE_CHANGED,field,android.permission.READ_PHONE_STATE,"[""PScout""]","[""API-23""]",[23],2026-07-07T13:53:25.683359+00:00,23,23,high,,False,
,Device Identifiers,,Android Framework,com.android.internal.telephony,TelephonyIntents,ACTION_DATA_CONNECTION_CONNECTED_TO_PROVISIONING_APN,ACTION_DATA_CONNECTION_CONNECTED_TO_PROVISIONING_APN,field,android.permission.READ_PHONE_STATE,"[""PScout""]","[""API-23""]",[23],2026-07-07T13:53:25.683359+00:00,23,23,high,,False,
,Device Identifiers,,Android Framework,com.android.internal.telephony,TelephonyIntents,ACTION_DATA_CONNECTION_FAILED,ACTION_DATA_CONNECTION_FAILED,field,android.permission.READ_PHONE_STATE,"[""PScout""]","[""API-23""]",[23],2026-07-07T13:53:25.683359+00:00,23,23,high,,False,
,Device Identifiers,,Android Framework,com.android.internal.telephony,TelephonyIntents,ACTION_NETWORK_SET_TIME,ACTION_NETWORK_SET_TIME,field,android.permission.READ_PHONE_STATE,"[""PScout""]","[""API-23""]",[23],2026-07-07T13:53:25.683359+00:00,23,23,high,,False,
,Device Identifiers,,Android Framework,com.android.internal.telephony,TelephonyIntents,ACTION_NETWORK_SET_TIMEZONE,ACTION_NETWORK_SET_TIMEZONE,field,android.permission.READ_PHONE_STATE,"[""PScout""]","[""API-23""]",[23],2026-07-07T13:53:25.683359+00:00,23,23,high,,False,
,Device Identifiers,,Android Framework,com.android.internal.telephony,TelephonyIntents,ACTION_SERVICE_STATE_CHANGED,ACTION_SERVICE_STATE_CHANGED,field,android.permission.READ_PHONE_STATE,"[""PScout""]","[""API-23""]",[23],2026-07-07T13:53:25.683359+00:00,23,23,high,,False,
,Device Identifiers,,Android Framework,com.android.internal.telephony,TelephonyIntents,ACTION_SIGNAL_STRENGTH_CHANGED,ACTION_SIGNAL_STRENGTH_CHANGED,field,android.permission.READ_PHONE_STATE,"[""PScout""]","[""API-23""]",[23],2026-07-07T13:53:25.683359+00:00,23,23,high,,False,
,Device Identifiers,,Android Framework,com.android.internal.telephony,TelephonyIntents,ACTION_SIM_STATE_CHANGED,ACTION_SIM_STATE_CHANGED,field,android.permission.READ_PHONE_STATE,"[""PScout""]","[""API-23""]",[23],2026-07-07T13:53:25.683359+00:00,23,23,high,,False,
,Unknown,,Android Framework,android.hardware,Camera,open,open,method,android.permission.CAMERA,"[""PScout""]","[""API-23"", ""TXT""]",[23],2026-07-07T13:53:25.683359+00:00,23,23,high,,False,
,Unknown,,Android Framework,android.media.audiofx,Visualizer,<init>,<init>,method,android.permission.RECORD_AUDIO,"[""PScout""]","[""API-23""]",[23],2026-07-07T13:53:25.683359+00:00,23,23,high,,False,
,Unknown,,Android Framework,android.net.rtp,AudioGroup,<init>,<init>,method,android.permission.RECORD_AUDIO,"[""PScout""]","[""API-23""]",[23],2026-07-07T13:53:25.683359+00:00,23,23,high,,False,
,Device Identifiers,,Android Framework,android.net.sip,SipManager,createSipSession,createSipSession,method,android.permission.USE_SIP,"[""PScout""]","[""API-23""]",[23],2026-07-07T13:53:25.683359+00:00,23,23,high,,False,
,Device Identifiers,,Android Framework,android.net.sip,SipManager,getSessionFor,getSessionFor,method,android.permission.USE_SIP,"[""PScout""]","[""API-23""]",[23],2026-07-07T13:53:25.683359+00:00,23,23,high,,False,
,Device Identifiers,,Android Framework,android.net.sip,SipManager,open,open,method,android.permission.USE_SIP,"[""PScout""]","[""API-23""]",[23],2026-07-07T13:53:25.683359+00:00,23,23,high,,False,
,Device Identifiers,,Android Framework,android.net.sip,SipManager,makeAudioCall,makeAudioCall,method,android.permission.USE_SIP,"[""PScout""]","[""API-23""]",[23],2026-07-07T13:53:25.683359+00:00,23,23,high,,False,
,Device Identifiers,,Android Framework,android.net.sip,SipManager,takeAudioCall,takeAudioCall,method,android.permission.USE_SIP,"[""PScout""]","[""API-23""]",[23],2026-07-07T13:53:25.683359+00:00,23,23,high,,False,
,Device Identifiers,,Android Framework,android.net.sip,SipManager,register,register,method,android.permission.USE_SIP,"[""PScout""]","[""API-23""]",[23],2026-07-07T13:53:25.683359+00:00,23,23,high,,False,
,Contacts,,Android Framework,android.provider,ContactsContract,AUTHORITY_URI,AUTHORITY_URI,field,android.permission.READ_CONTACTS,"[""PScout""]","[""API-23""]",[23],2026-07-07T13:53:25.683359+00:00,23,23,high,,False,
,Contacts,,Android Framework,android.provider,ContactsContract,AUTHORITY_URI,AUTHORITY_URI,field,android.permission.WRITE_CONTACTS,"[""PScout""]","[""API-23""]",[23],2026-07-07T13:53:25.683359+00:00,23,23,high,,False,
,Contacts,,Android Framework,android.provider,ContactsContract$AggregationExceptions,CONTENT_URI,CONTENT_URI,field,android.permission.READ_CONTACTS,"[""PScout""]","[""API-23""]",[23],2026-07-07T13:53:25.683359+00:00,23,23,high,,False,
,Contacts,,Android Framework,android.provider,ContactsContract$AggregationExceptions,CONTENT_URI,CONTENT_URI,field,android.permission.WRITE_CONTACTS,"[""PScout""]","[""API-23""]",[23],2026-07-07T13:53:25.683359+00:00,23,23,high,,False,
,Contacts,,Android Framework,android.provider,ContactsContract$CommonDataKinds$Callable,CONTENT_FILTER_URI,CONTENT_FILTER_URI,field,android.permission.READ_CONTACTS,"[""PScout""]","[""API-23""]",[23],2026-07-07T13:53:25.683359+00:00,23,23,high,,False,
,Contacts,,Android Framework,android.provider,ContactsContract$CommonDataKinds$Callable,CONTENT_FILTER_URI,CONTENT_FILTER_URI,field,android.permission.WRITE_CONTACTS,"[""PScout""]","[""API-23""]",[23],2026-07-07T13:53:25.683359+00:00,23,23,high,,False,
,Contacts,,Android Framework,android.provider,ContactsContract$CommonDataKinds$Callable,CONTENT_URI,CONTENT_URI,field,android.permission.READ_CONTACTS,"[""PScout""]","[""API-23""]",[23],2026-07-07T13:53:25.683359+00:00,23,23,high,,False,
,Contacts,,Android Framework,android.provider,ContactsContract$CommonDataKinds$Callable,CONTENT_URI,CONTENT_URI,field,android.permission.WRITE_CONTACTS,"[""PScout""]","[""API-23""]",[23],2026-07-07T13:53:25.683359+00:00,23,23,high,,False,
,Contacts,,Android Framework,android.provider,ContactsContract$CommonDataKinds$Contactables,CONTENT_FILTER_URI,CONTENT_FILTER_URI,field,android.permission.READ_CONTACTS,"[""PScout""]","[""API-23""]",[23],2026-07-07T13:53:25.683359+00:00,23,23,high,,False,
,Contacts,,Android Framework,android.provider,ContactsContract$CommonDataKinds$Contactables,CONTENT_FILTER_URI,CONTENT_FILTER_URI,field,android.permission.WRITE_CONTACTS,"[""PScout""]","[""API-23""]",[23],2026-07-07T13:53:25.683359+00:00,23,23,high,,False,
,Contacts,,Android Framework,android.provider,ContactsContract$CommonDataKinds$Contactables,CONTENT_URI,CONTENT_URI,field,android.permission.READ_CONTACTS,"[""PScout""]","[""API-23""]",[23],2026-07-07T13:53:25.683359+00:00,23,23,high,,False,
,Contacts,,Android Framework,android.provider,ContactsContract$CommonDataKinds$Contactables,CONTENT_URI,CONTENT_URI,field,android.permission.WRITE_CONTACTS,"[""PScout""]","[""API-23""]",[23],2026-07-07T13:53:25.683359+00:00,23,23,high,,False,
,Contacts,,Android Framework,android.provider,ContactsContract$CommonDataKinds$Email,CONTENT_FILTER_URI,CONTENT_FILTER_URI,field,android.permission.READ_CONTACTS,"[""PScout""]","[""API-23""]",[23],2026-07-07T13:53:25.683359+00:00,23,23,high,,False,
,Contacts,,Android Framework,android.provider,ContactsContract$CommonDataKinds$Email,CONTENT_FILTER_URI,CONTENT_FILTER_URI,field,android.permission.WRITE_CONTACTS,"[""PScout""]","[""API-23""]",[23],2026-07-07T13:53:25.683359+00:00,23,23,high,,False,
,Contacts,,Android Framework,android.provider,ContactsContract$CommonDataKinds$Email,CONTENT_LOOKUP_URI,CONTENT_LOOKUP_URI,field,android.permission.READ_CONTACTS,"[""PScout""]","[""API-23""]",[23],2026-07-07T13:53:25.683359+00:00,23,23,high,,False,
,Contacts,,Android Framework,android.provider,ContactsContract$CommonDataKinds$Email,CONTENT_LOOKUP_URI,CONTENT_LOOKUP_URI,field,android.permission.WRITE_CONTACTS,"[""PScout""]","[""API-23""]",[23],2026-07-07T13:53:25.683359+00:00,23,23,high,,False,
,Contacts,,Android Framework,android.provider,ContactsContract$CommonDataKinds$Email,CONTENT_URI,CONTENT_URI,field,android.permission.READ_CONTACTS,"[""PScout""]","[""API-23""]",[23],2026-07-07T13:53:25.683359+00:00,23,23,high,,False,
,Contacts,,Android Framework,android.provider,ContactsContract$CommonDataKinds$Email,CONTENT_URI,CONTENT_URI,field,android.permission.WRITE_CONTACTS,"[""PScout""]","[""API-23""]",[23],2026-07-07T13:53:25.683359+00:00,23,23,high,,False,
,Contacts,,Android Framework,android.provider,ContactsContract$CommonDataKinds$Email,ENTERPRISE_CONTENT_LOOKUP_URI,ENTERPRISE_CONTENT_LOOKUP_URI,field,android.permission.READ_CONTACTS,"[""PScout""]","[""API-23""]",[23],2026-07-07T13:53:25.683359+00:00,23,23,high,,False,
,Contacts,,Android Framework,android.provider,ContactsContract$CommonDataKinds$Email,ENTERPRISE_CONTENT_LOOKUP_URI,ENTERPRISE_CONTENT_LOOKUP_URI,field,android.permission.WRITE_CONTACTS,"[""PScout""]","[""API-23""]",[23],2026-07-07T13:53:25.683359+00:00,23,23,high,,False,
,Contacts,,Android Framework,android.provider,ContactsContract$CommonDataKinds$Phone,CONTENT_FILTER_URI,CONTENT_FILTER_URI,field,android.permission.READ_CONTACTS,"[""PScout""]","[""API-23""]",[23],2026-07-07T13:53:25.683359+00:00,23,23,high,,False,
,Contacts,,Android Framework,android.provider,ContactsContract$CommonDataKinds$Phone,CONTENT_FILTER_URI,CONTENT_FILTER_URI,field,android.permission.WRITE_CONTACTS,"[""PScout""]","[""API-23""]",[23],2026-07-07T13:53:25.683359+00:00,23,23,high,,False,
,Contacts,,Android Framework,android.provider,ContactsContract$CommonDataKinds$Phone,CONTENT_URI,CONTENT_URI,field,android.permission.READ_CONTACTS,"[""PScout""]","[""API-23""]",[23],2026-07-07T13:53:25.683359+00:00,23,23,high,,False,
,Contacts,,Android Framework,android.provider,ContactsContract$CommonDataKinds$Phone,CONTENT_URI,CONTENT_URI,field,android.permission.WRITE_CONTACTS,"[""PScout""]","[""API-23""]",[23],2026-07-07T13:53:25.683359+00:00,23,23,high,,False,
,Contacts,,Android Framework,android.provider,ContactsContract$CommonDataKinds$StructuredPostal,CONTENT_URI,CONTENT_URI,field,android.permission.READ_CONTACTS,"[""PScout""]","[""API-23""]",[23],2026-07-07T13:53:25.683359+00:00,23,23,high,,False,
,Contacts,,Android Framework,android.provider,ContactsContract$CommonDataKinds$StructuredPostal,CONTENT_URI,CONTENT_URI,field,android.permission.WRITE_CONTACTS,"[""PScout""]","[""API-23""]",[23],2026-07-07T13:53:25.683359+00:00,23,23,high,,False,
,Contacts,,Android Framework,android.provider,ContactsContract$Contacts,CONTENT_FILTER_URI,CONTENT_FILTER_URI,field,android.permission.READ_CONTACTS,"[""PScout""]","[""API-23""]",[23],2026-07-07T13:53:25.683359+00:00,23,23,high,,False,
,Contacts,,Android Framework,android.provider,ContactsContract$Contacts,CONTENT_FILTER_URI,CONTENT_FILTER_URI,field,android.permission.WRITE_CONTACTS,"[""PScout""]","[""API-23""]",[23],2026-07-07T13:53:25.683359+00:00,23,23,high,,False,
,Contacts,,Android Framework,android.provider,ContactsContract$Contacts,CONTENT_FREQUENT_URI,CONTENT_FREQUENT_URI,field,android.permission.READ_CONTACTS,"[""PScout""]","[""API-23""]",[23],2026-07-07T13:53:25.683359+00:00,23,23,high,,False,
,Contacts,,Android Framework,android.provider,ContactsContract$Contacts,CONTENT_FREQUENT_URI,CONTENT_FREQUENT_URI,field,android.permission.WRITE_CONTACTS,"[""PScout""]","[""API-23""]",[23],2026-07-07T13:53:25.683359+00:00,23,23,high,,False,
,Contacts,,Android Framework,android.provider,ContactsContract$Contacts,CONTENT_GROUP_URI,CONTENT_GROUP_URI,field,android.permission.READ_CONTACTS,"[""PScout""]","[""API-23""]",[23],2026-07-07T13:53:25.683359+00:00,23,23,high,,False,
,Contacts,,Android Framework,android.provider,ContactsContract$Contacts,CONTENT_GROUP_URI,CONTENT_GROUP_URI,field,android.permission.WRITE_CONTACTS,"[""PScout""]","[""API-23""]",[23],2026-07-07T13:53:25.683359+00:00,23,23,high,,False,
,Contacts,,Android Framework,android.provider,ContactsContract$Contacts,CONTENT_LOOKUP_URI,CONTENT_LOOKUP_URI,field,android.permission.READ_CONTACTS,"[""PScout""]","[""API-23""]",[23],2026-07-07T13:53:25.683359+00:00,23,23,high,,False,
,Contacts,,Android Framework,android.provider,ContactsContract$Contacts,CONTENT_LOOKUP_URI,CONTENT_LOOKUP_URI,field,android.permission.WRITE_CONTACTS,"[""PScout""]","[""API-23""]",[23],2026-07-07T13:53:25.683359+00:00,23,23,high,,False,
,Contacts,,Android Framework,android.provider,ContactsContract$Contacts,CONTENT_MULTI_VCARD_URI,CONTENT_MULTI_VCARD_URI,field,android.permission.READ_CONTACTS,"[""PScout""]","[""API-23""]",[23],2026-07-07T13:53:25.683359+00:00,23,23,high,,False,
,Contacts,,Android Framework,android.provider,ContactsContract$Contacts,CONTENT_MULTI_VCARD_URI,CONTENT_MULTI_VCARD_URI,field,android.permission.WRITE_CONTACTS,"[""PScout""]","[""API-23""]",[23],2026-07-07T13:53:25.683359+00:00,23,23,high,,False,
,Contacts,,Android Framework,android.provider,ContactsContract$Contacts,CONTENT_STREQUENT_FILTER_URI,CONTENT_STREQUENT_FILTER_URI,field,android.permission.READ_CONTACTS,"[""PScout""]","[""API-23""]",[23],2026-07-07T13:53:25.683359+00:00,23,23,high,,False,
,Contacts,,Android Framework,android.provider,ContactsContract$Contacts,CONTENT_STREQUENT_FILTER_URI,CONTENT_STREQUENT_FILTER_URI,field,android.permission.WRITE_CONTACTS,"[""PScout""]","[""API-23""]",[23],2026-07-07T13:53:25.683359+00:00,23,23,high,,False,
,Contacts,,Android Framework,android.provider,ContactsContract$Contacts,CONTENT_STREQUENT_URI,CONTENT_STREQUENT_URI,field,android.permission.READ_CONTACTS,"[""PScout""]","[""API-23""]",[23],2026-07-07T13:53:25.683359+00:00,23,23,high,,False,
,Contacts,,Android Framework,android.provider,ContactsContract$Contacts,CONTENT_STREQUENT_URI,CONTENT_STREQUENT_URI,field,android.permission.WRITE_CONTACTS,"[""PScout""]","[""API-23""]",[23],2026-07-07T13:53:25.683359+00:00,23,23,high,,False,
,Contacts,,Android Framework,android.provider,ContactsContract$Contacts,CONTENT_URI,CONTENT_URI,field,android.permission.READ_CONTACTS,"[""PScout""]","[""API-23""]",[23],2026-07-07T13:53:25.683359+00:00,23,23,high,,False,
,Contacts,,Android Framework,android.provider,ContactsContract$Contacts,CONTENT_URI,CONTENT_URI,field,android.permission.WRITE_CONTACTS,"[""PScout""]","[""API-23""]",[23],2026-07-07T13:53:25.683359+00:00,23,23,high,,False,
,Contacts,,Android Framework,android.provider,ContactsContract$Contacts,CONTENT_VCARD_URI,CONTENT_VCARD_URI,field,android.permission.READ_CONTACTS,"[""PScout""]","[""API-23""]",[23],2026-07-07T13:53:25.683359+00:00,23,23,high,,False,
,Contacts,,Android Framework,android.provider,ContactsContract$Contacts,CONTENT_VCARD_URI,CONTENT_VCARD_URI,field,android.permission.WRITE_CONTACTS,"[""PScout""]","[""API-23""]",[23],2026-07-07T13:53:25.683359+00:00,23,23,high,,False,
,Contacts,,Android Framework,android.provider,ContactsContract$Data,CONTENT_URI,CONTENT_URI,field,android.permission.READ_CONTACTS,"[""PScout""]","[""API-23""]",[23],2026-07-07T13:53:25.683359+00:00,23,23,high,,False,
,Contacts,,Android Framework,android.provider,ContactsContract$Data,CONTENT_URI,CONTENT_URI,field,android.permission.WRITE_CONTACTS,"[""PScout""]","[""API-23""]",[23],2026-07-07T13:53:25.683359+00:00,23,23,high,,False,
,Contacts,,Android Framework,android.provider,ContactsContract$DataUsageFeedback,DELETE_USAGE_URI,DELETE_USAGE_URI,field,android.permission.READ_CONTACTS,"[""PScout""]","[""API-23""]",[23],2026-07-07T13:53:25.683359+00:00,23,23,high,,False,
,Contacts,,Android Framework,android.provider,ContactsContract$DataUsageFeedback,DELETE_USAGE_URI,DELETE_USAGE_URI,field,android.permission.WRITE_CONTACTS,"[""PScout""]","[""API-23""]",[23],2026-07-07T13:53:25.683359+00:00,23,23,high,,False,
,Contacts,,Android Framework,android.provider,ContactsContract$DataUsageFeedback,FEEDBACK_URI,FEEDBACK_URI,field,android.permission.READ_CONTACTS,"[""PScout""]","[""API-23""]",[23],2026-07-07T13:53:25.683359+00:00,23,23,high,,False,
,Contacts,,Android Framework,android.provider,ContactsContract$DataUsageFeedback,FEEDBACK_URI,FEEDBACK_URI,field,android.permission.WRITE_CONTACTS,"[""PScout""]","[""API-23""]",[23],2026-07-07T13:53:25.683862+00:00,23,23,high,,False,
,Contacts,,Android Framework,android.provider,ContactsContract$DeletedContacts,CONTENT_URI,CONTENT_URI,field,android.permission.READ_CONTACTS,"[""PScout""]","[""API-23""]",[23],2026-07-07T13:53:25.683862+00:00,23,23,high,,False,
,Contacts,,Android Framework,android.provider,ContactsContract$DeletedContacts,CONTENT_URI,CONTENT_URI,field,android.permission.WRITE_CONTACTS,"[""PScout""]","[""API-23""]",[23],2026-07-07T13:53:25.683862+00:00,23,23,high,,False,
,Contacts,,Android Framework,android.provider,ContactsContract$DisplayPhoto,CONTENT_MAX_DIMENSIONS_URI,CONTENT_MAX_DIMENSIONS_URI,field,android.permission.READ_CONTACTS,"[""PScout""]","[""API-23""]",[23],2026-07-07T13:53:25.683862+00:00,23,23,high,,False,
,Contacts,,Android Framework,android.provider,ContactsContract$DisplayPhoto,CONTENT_MAX_DIMENSIONS_URI,CONTENT_MAX_DIMENSIONS_URI,field,android.permission.WRITE_CONTACTS,"[""PScout""]","[""API-23""]",[23],2026-07-07T13:53:25.683862+00:00,23,23,high,,False,
,Contacts,,Android Framework,android.provider,ContactsContract$DisplayPhoto,CONTENT_URI,CONTENT_URI,field,android.permission.READ_CONTACTS,"[""PScout""]","[""API-23""]",[23],2026-07-07T13:53:25.683862+00:00,23,23,high,,False,
,Contacts,,Android Framework,android.provider,ContactsContract$DisplayPhoto,CONTENT_URI,CONTENT_URI,field,android.permission.WRITE_CONTACTS,"[""PScout""]","[""API-23""]",[23],2026-07-07T13:53:25.683862+00:00,23,23,high,,False,
,Contacts,,Android Framework,android.provider,ContactsContract$Groups,CONTENT_SUMMARY_URI,CONTENT_SUMMARY_URI,field,android.permission.READ_CONTACTS,"[""PScout""]","[""API-23""]",[23],2026-07-07T13:53:25.683862+00:00,23,23,high,,False,
,Contacts,,Android Framework,android.provider,ContactsContract$Groups,CONTENT_SUMMARY_URI,CONTENT_SUMMARY_URI,field,android.permission.WRITE_CONTACTS,"[""PScout""]","[""API-23""]",[23],2026-07-07T13:53:25.683862+00:00,23,23,high,,False,
,Contacts,,Android Framework,android.provider,ContactsContract$Groups,CONTENT_URI,CONTENT_URI,field,android.permission.READ_CONTACTS,"[""PScout""]","[""API-23""]",[23],2026-07-07T13:53:25.683862+00:00,23,23,high,,False,
,Contacts,,Android Framework,android.provider,ContactsContract$Groups,CONTENT_URI,CONTENT_URI,field,android.permission.WRITE_CONTACTS,"[""PScout""]","[""API-23""]",[23],2026-07-07T13:53:25.683862+00:00,23,23,high,,False,
,Contacts,,Android Framework,android.provider,ContactsContract$PhoneLookup,CONTENT_FILTER_URI,CONTENT_FILTER_URI,field,android.permission.READ_CONTACTS,"[""PScout""]","[""API-23""]",[23],2026-07-07T13:53:25.683862+00:00,23,23,high,,False,
,Contacts,,Android Framework,android.provider,ContactsContract$PhoneLookup,CONTENT_FILTER_URI,CONTENT_FILTER_URI,field,android.permission.WRITE_CONTACTS,"[""PScout""]","[""API-23""]",[23],2026-07-07T13:53:25.683862+00:00,23,23,high,,False,
,Contacts,,Android Framework,android.provider,ContactsContract$PhoneLookup,ENTERPRISE_CONTENT_FILTER_URI,ENTERPRISE_CONTENT_FILTER_URI,field,android.permission.READ_CONTACTS,"[""PScout""]","[""API-23""]",[23],2026-07-07T13:53:25.683862+00:00,23,23,high,,False,
,Contacts,,Android Framework,android.provider,ContactsContract$PhoneLookup,ENTERPRISE_CONTENT_FILTER_URI,ENTERPRISE_CONTENT_FILTER_URI,field,android.permission.WRITE_CONTACTS,"[""PScout""]","[""API-23""]",[23],2026-07-07T13:53:25.683862+00:00,23,23,high,,False,
,Contacts,,Android Framework,android.provider,ContactsContract$Profile,CONTENT_RAW_CONTACTS_URI,CONTENT_RAW_CONTACTS_URI,field,android.permission.READ_CONTACTS,"[""PScout""]","[""API-23""]",[23],2026-07-07T13:53:25.683862+00:00,23,23,high,,False,
,Contacts,,Android Framework,android.provider,ContactsContract$Profile,CONTENT_RAW_CONTACTS_URI,CONTENT_RAW_CONTACTS_URI,field,android.permission.WRITE_CONTACTS,"[""PScout""]","[""API-23""]",[23],2026-07-07T13:53:25.683862+00:00,23,23,high,,False,
,Contacts,,Android Framework,android.provider,ContactsContract$Profile,CONTENT_URI,CONTENT_URI,field,android.permission.READ_CONTACTS,"[""PScout""]","[""API-23""]",[23],2026-07-07T13:53:25.683862+00:00,23,23,high,,False,
,Contacts,,Android Framework,android.provider,ContactsContract$Profile,CONTENT_URI,CONTENT_URI,field,android.permission.WRITE_CONTACTS,"[""PScout""]","[""API-23""]",[23],2026-07-07T13:53:25.683862+00:00,23,23,high,,False,
,Contacts,,Android Framework,android.provider,ContactsContract$Profile,CONTENT_VCARD_URI,CONTENT_VCARD_URI,field,android.permission.READ_CONTACTS,"[""PScout""]","[""API-23""]",[23],2026-07-07T13:53:25.683862+00:00,23,23,high,,False,
,Contacts,,Android Framework,android.provider,ContactsContract$Profile,CONTENT_VCARD_URI,CONTENT_VCARD_URI,field,android.permission.WRITE_CONTACTS,"[""PScout""]","[""API-23""]",[23],2026-07-07T13:53:25.683862+00:00,23,23,high,,False,
,Contacts,,Android Framework,android.provider,ContactsContract$ProfileSyncState,CONTENT_URI,CONTENT_URI,field,android.permission.READ_CONTACTS,"[""PScout""]","[""API-23""]",[23],2026-07-07T13:53:25.683862+00:00,23,23,high,,False,
,Contacts,,Android Framework,android.provider,ContactsContract$ProfileSyncState,CONTENT_URI,CONTENT_URI,field,android.permission.WRITE_CONTACTS,"[""PScout""]","[""API-23""]",[23],2026-07-07T13:53:25.683862+00:00,23,23,high,,False,
,Contacts,,Android Framework,android.provider,ContactsContract$ProviderStatus,CONTENT_URI,CONTENT_URI,field,android.permission.READ_CONTACTS,"[""PScout""]","[""API-23""]",[23],2026-07-07T13:53:25.683862+00:00,23,23,high,,False,
,Contacts,,Android Framework,android.provider,ContactsContract$ProviderStatus,CONTENT_URI,CONTENT_URI,field,android.permission.WRITE_CONTACTS,"[""PScout""]","[""API-23""]",[23],2026-07-07T13:53:25.683862+00:00,23,23,high,,False,
,Contacts,,Android Framework,android.provider,ContactsContract$RawContacts,CONTENT_URI,CONTENT_URI,field,android.permission.READ_CONTACTS,"[""PScout""]","[""API-23""]",[23],2026-07-07T13:53:25.683862+00:00,23,23,high,,False,
,Contacts,,Android Framework,android.provider,ContactsContract$RawContacts,CONTENT_URI,CONTENT_URI,field,android.permission.WRITE_CONTACTS,"[""PScout""]","[""API-23""]",[23],2026-07-07T13:53:25.683862+00:00,23,23,high,,False,
,Contacts,,Android Framework,android.provider,ContactsContract$RawContactsEntity,CONTENT_URI,CONTENT_URI,field,android.permission.READ_CONTACTS,"[""PScout""]","[""API-23""]",[23],2026-07-07T13:53:25.683862+00:00,23,23,high,,False,
,Contacts,,Android Framework,android.provider,ContactsContract$RawContactsEntity,CONTENT_URI,CONTENT_URI,field,android.permission.WRITE_CONTACTS,"[""PScout""]","[""API-23""]",[23],2026-07-07T13:53:25.683862+00:00,23,23,high,,False,
,Contacts,,Android Framework,android.provider,ContactsContract$RawContactsEntity,PROFILE_CONTENT_URI,PROFILE_CONTENT_URI,field,android.permission.READ_CONTACTS,"[""PScout""]","[""API-23""]",[23],2026-07-07T13:53:25.683862+00:00,23,23,high,,False,
,Contacts,,Android Framework,android.provider,ContactsContract$RawContactsEntity,PROFILE_CONTENT_URI,PROFILE_CONTENT_URI,field,android.permission.WRITE_CONTACTS,"[""PScout""]","[""API-23""]",[23],2026-07-07T13:53:25.683862+00:00,23,23,high,,False,
,Contacts,,Android Framework,android.provider,ContactsContract$Settings,CONTENT_URI,CONTENT_URI,field,android.permission.READ_CONTACTS,"[""PScout""]","[""API-23""]",[23],2026-07-07T13:53:25.683862+00:00,23,23,high,,False,
,Contacts,,Android Framework,android.provider,ContactsContract$Settings,CONTENT_URI,CONTENT_URI,field,android.permission.WRITE_CONTACTS,"[""PScout""]","[""API-23""]",[23],2026-07-07T13:53:25.683862+00:00,23,23,high,,False,
,Contacts,,Android Framework,android.provider,ContactsContract$StatusUpdates,CONTENT_URI,CONTENT_URI,field,android.permission.READ_CONTACTS,"[""PScout""]","[""API-23""]",[23],2026-07-07T13:53:25.683862+00:00,23,23,high,,False,
,Contacts,,Android Framework,android.provider,ContactsContract$StatusUpdates,CONTENT_URI,CONTENT_URI,field,android.permission.WRITE_CONTACTS,"[""PScout""]","[""API-23""]",[23],2026-07-07T13:53:25.683862+00:00,23,23,high,,False,
,Contacts,,Android Framework,android.provider,ContactsContract$StatusUpdates,PROFILE_CONTENT_URI,PROFILE_CONTENT_URI,field,android.permission.READ_CONTACTS,"[""PScout""]","[""API-23""]",[23],2026-07-07T13:53:25.683862+00:00,23,23,high,,False,
,Contacts,,Android Framework,android.provider,ContactsContract$StatusUpdates,PROFILE_CONTENT_URI,PROFILE_CONTENT_URI,field,android.permission.WRITE_CONTACTS,"[""PScout""]","[""API-23""]",[23],2026-07-07T13:53:25.683862+00:00,23,23,high,,False,
,Contacts,,Android Framework,android.provider,ContactsContract$SyncState,CONTENT_URI,CONTENT_URI,field,android.permission.READ_CONTACTS,"[""PScout""]","[""API-23""]",[23],2026-07-07T13:53:25.683862+00:00,23,23,high,,False,
,Contacts,,Android Framework,android.provider,ContactsContract$SyncState,CONTENT_URI,CONTENT_URI,field,android.permission.WRITE_CONTACTS,"[""PScout""]","[""API-23""]",[23],2026-07-07T13:53:25.683862+00:00,23,23,high,,False,
,Unknown,,Android Framework,android.provider,VoicemailContract$Status,CONTENT_URI,CONTENT_URI,field,com.android.voicemail.permission.ADD_VOICEMAIL,"[""PScout""]","[""API-23""]",[23],2026-07-07T13:53:25.683862+00:00,23,23,high,,False,
,Unknown,,Android Framework,android.provider,VoicemailContract$Voicemails,CONTENT_URI,CONTENT_URI,field,com.android.voicemail.permission.ADD_VOICEMAIL,"[""PScout""]","[""API-23""]",[23],2026-07-07T13:53:25.683862+00:00,23,23,high,,False,
,Unknown,,Android Framework,android.speech,SpeechRecognizer,createSpeechRecognizer,createSpeechRecognizer,method,android.permission.RECORD_AUDIO,"[""PScout""]","[""API-23""]",[23],2026-07-07T13:53:25.683862+00:00,23,23,high,,False,
,Device Identifiers,,Android Framework,android.telephony,SubscriptionManager,from,from,method,android.permission.READ_PHONE_STATE,"[""PScout""]","[""API-23""]",[23],2026-07-07T13:53:25.683862+00:00,23,23,high,,False,
,Device Identifiers,,Android Framework,android.telephony,SubscriptionManager,addOnSubscriptionsChangedListener,addOnSubscriptionsChangedListener,method,android.permission.READ_PHONE_STATE,"[""PScout""]","[""API-23""]",[23],2026-07-07T13:53:25.683862+00:00,23,23,high,,False,
,Device Identifiers,,Android Framework,android.telephony,SubscriptionManager,removeOnSubscriptionsChangedListener,removeOnSubscriptionsChangedListener,method,android.permission.READ_PHONE_STATE,"[""PScout""]","[""API-23""]",[23],2026-07-07T13:53:25.683862+00:00,23,23,high,,False,
,Device Identifiers,,Android Framework,android.telephony,SubscriptionManager,getActiveSubscriptionInfo,getActiveSubscriptionInfo,method,android.permission.READ_PHONE_STATE,"[""PScout""]","[""API-23""]",[23],2026-07-07T13:53:25.683862+00:00,23,23,high,,False,
,Device Identifiers,,Android Framework,android.telephony,SubscriptionManager,getActiveSubscriptionInfoForSimSlotIndex,getActiveSubscriptionInfoForSimSlotIndex,method,android.permission.READ_PHONE_STATE,"[""PScout""]","[""API-23""]",[23],2026-07-07T13:53:25.683862+00:00,23,23,high,,False,
,Device Identifiers,,Android Framework,android.telephony,SubscriptionManager,getActiveSubscriptionInfoList,getActiveSubscriptionInfoList,method,android.permission.READ_PHONE_STATE,"[""PScout""]","[""API-23""]",[23],2026-07-07T13:53:25.683862+00:00,23,23,high,,False,
,Device Identifiers,,Android Framework,android.telephony,SubscriptionManager,getActiveSubscriptionInfoCount,getActiveSubscriptionInfoCount,method,android.permission.READ_PHONE_STATE,"[""PScout""]","[""API-23""]",[23],2026-07-07T13:53:25.683862+00:00,23,23,high,,False,
,Device Identifiers,,Android Framework,android.telephony,SubscriptionManager,getActiveSubscriptionInfoCountMax,getActiveSubscriptionInfoCountMax,method,android.permission.READ_PHONE_STATE,"[""PScout""]","[""API-23""]",[23],2026-07-07T13:53:25.683862+00:00,23,23,high,,False,
,Device Identifiers,,Android Framework,android.telephony,SubscriptionManager,isNetworkRoaming,isNetworkRoaming,method,android.permission.READ_PHONE_STATE,"[""PScout""]","[""API-23""]",[23],2026-07-07T13:53:25.683862+00:00,23,23,high,,False,
,Unknown,,Android Framework,android.content,Context,checkSelfPermission,checkSelfPermission,method,android.permission._PERM_CHECKER_,"[""PScout""]","[""TXT""]",[],2026-07-07T13:53:25.684373+00:00,,,high,,False,
,Unknown,,Android Framework,android.support.v4.content,ContextCompat,checkSelfPermission,checkSelfPermission,method,android.permission._PERM_CHECKER_,"[""PScout""]","[""TXT""]",[],2026-07-07T13:53:25.684373+00:00,,,high,,False,
,Unknown,,Android Framework,android.support.v4.content,PermissionChecker,checkSelfPermission,checkSelfPermission,method,android.permission._PERM_CHECKER_,"[""PScout""]","[""TXT""]",[],2026-07-07T13:53:25.684373+00:00,,,high,,False,
,Unknown,,Android Framework,android.location,LocationManager,removeProximityAlert,removeProximityAlert,method,android.permission.ACCESS_COARSE_LOCATION,"[""PScout""]","[""TXT""]",[],2026-07-07T13:53:25.684373+00:00,,,high,,False,
,Location,,Android Framework,android.location,LocationManager,removeProximityAlert,removeProximityAlert,method,android.permission.ACCESS_FINE_LOCATION,"[""PScout""]","[""TXT""]",[],2026-07-07T13:53:25.684373+00:00,,,high,,False,
,Unknown,,Android Framework,com.google.android.gms.location,FusedLocationProviderApi,getLastLocation,getLastLocation,method,android.permission.ACCESS_COARSE_LOCATION,"[""PScout""]","[""TXT""]",[],2026-07-07T13:53:25.684888+00:00,,,high,,False,
,Location,,Android Framework,com.google.android.gms.location,FusedLocationProviderApi,getLastLocation,getLastLocation,method,android.permission.ACCESS_FINE_LOCATION,"[""PScout""]","[""TXT""]",[],2026-07-07T13:53:25.684888+00:00,,,high,,False,
,Unknown,,Android Framework,com.google.android.gms.location,FusedLocationProviderApi,getLocationAvailability,getLocationAvailability,method,android.permission.ACCESS_COARSE_LOCATION,"[""PScout""]","[""TXT""]",[],2026-07-07T13:53:25.684888+00:00,,,high,,False,
,Location,,Android Framework,com.google.android.gms.location,FusedLocationProviderApi,getLocationAvailability,getLocationAvailability,method,android.permission.ACCESS_FINE_LOCATION,"[""PScout""]","[""TXT""]",[],2026-07-07T13:53:25.684888+00:00,,,high,,False,
,Unknown,,Android Framework,com.google.android.gms.location,FusedLocationProviderApi,requestLocationUpdates,requestLocationUpdates,method,android.permission.ACCESS_COARSE_LOCATION,"[""PScout""]","[""TXT""]",[],2026-07-07T13:53:25.684888+00:00,,,high,,False,
,Location,,Android Framework,com.google.android.gms.location,FusedLocationProviderApi,requestLocationUpdates,requestLocationUpdates,method,android.permission.ACCESS_FINE_LOCATION,"[""PScout""]","[""TXT""]",[],2026-07-07T13:53:25.684888+00:00,,,high,,False,
,Unknown,,Android Framework,com.google.android.gms.location,FusedLocationProviderApi,setMockMode,setMockMode,method,android.permission.ACCESS_COARSE_LOCATION,"[""PScout""]","[""TXT""]",[],2026-07-07T13:53:25.684888+00:00,,,high,,False,
,Location,,Android Framework,com.google.android.gms.location,FusedLocationProviderApi,setMockMode,setMockMode,method,android.permission.ACCESS_FINE_LOCATION,"[""PScout""]","[""TXT""]",[],2026-07-07T13:53:25.684888+00:00,,,high,,False,
,Unknown,,Android Framework,com.google.android.gms.location,FusedLocationProviderApi,setMockLocation,setMockLocation,method,android.permission.ACCESS_COARSE_LOCATION,"[""PScout""]","[""TXT""]",[],2026-07-07T13:53:25.684888+00:00,,,high,,False,
,Location,,Android Framework,com.google.android.gms.location,FusedLocationProviderApi,setMockLocation,setMockLocation,method,android.permission.ACCESS_FINE_LOCATION,"[""PScout""]","[""TXT""]",[],2026-07-07T13:53:25.684888+00:00,,,high,,False,
,Unknown,,Android Framework,com.google.android.gms.maps,GoogleMap,setMyLocationEnabled,setMyLocationEnabled,method,android.permission.ACCESS_COARSE_LOCATION,"[""PScout""]","[""TXT""]",[],2026-07-07T13:53:25.684888+00:00,,,high,,False,
,Location,,Android Framework,com.google.android.gms.maps,GoogleMap,setMyLocationEnabled,setMyLocationEnabled,method,android.permission.ACCESS_FINE_LOCATION,"[""PScout""]","[""TXT""]",[],2026-07-07T13:53:25.684888+00:00,,,high,,False,
,Unknown,,Android Framework,android.webkit,WebSettings,setGeolocationEnabled,setGeolocationEnabled,method,android.permission.ACCESS_COARSE_LOCATION,"[""PScout""]","[""TXT""]",[],2026-07-07T13:53:25.684888+00:00,,,high,,False,
,Location,,Android Framework,android.webkit,WebSettings,setGeolocationEnabled,setGeolocationEnabled,method,android.permission.ACCESS_FINE_LOCATION,"[""PScout""]","[""TXT""]",[],2026-07-07T13:53:25.684888+00:00,,,high,,False,
